{
  "accuracy": 0.0,
  "precision_macro": 0.09638995977204157,
  "recall_macro": 0.16468704639535509,
  "f1_macro": 0.12157520325203253,
  "samples": 300
}